provide,"[동] 제공하다, 공급하다, 준비하다"
develop,"[동] 개발하다, 발달하다, 발전시키다"
service,"[명] 서비스, 근무, 봉사, 공공 업무"
inform,"[동] 알리다, 통지하다"
relationship,[명] 관계
improve,"[동] 향상시키다, 나아지다, 향상하다"
individual,"[형] 개인의, 개인적인[명] 개인"
require,"[동] 요구하다, 필요로 하다"
advise,"[동] 충고하다, 조언하다"
social,"[형] 사회의, 사교적인"
amount,"[명] 총액, 총계, 양[동] 총계가 ~이 되다"
behave,[동] 행동하다
employ,"[동] 고용하다, 쓰다"
attitude,"[명] 태도, 입장"
research,"[명] 연구하다, 조사하다[명] 연구, 조사"
audience,"[명] 청중, 관객"
volunteer,"[명] 지원자, 자원봉사, 자원봉사자[동] 지원하다, 자원봉사하다"
influence,"[명] 영향, 영향을 미치는 것[사람][동] 영향을 미치다"
terrible,"[형] 끔직한, 형편없는, 무서운"
opportunity,[명] 기회
ability,"[명] 능력, 재능"
expense,"[명] 비용, 지출"
local,"[형] 지역의, 장소의, 지방의"
involve,"[동] 관련시키다, 포함하다, 관련되다"
stress,"[명] 스트레스, 긴장, 강조[동] 강조하다, 압력을 주다"
therefore,"[부] 그러므로, 그 결과"
positive,"[형] 긍정적인, 낙관적인, 확신하는"
average,"[형] 평균의, 보통의[명] 평균, 보통 수준[동] 평균 ~이다"
ride,"[동] 타다[명] 타기, 태우기, 타고가기"
encourage,"[동] 격려하다, 권장하다, 부추기다, 촉구하다"
determine,"[동] 결정하다, 결심하다"
international,"[형] 국제의, 국제적인"
consume,"[동] 소비하다, 먹다[마시다]"
impress,"[동] 감동시키다, 깊은 인상을 주다"
object,"[명] 물건, 물체, 목표[동] 반대하다"
available,"[형] 이용할 수 있는, 쓸모있는, 시간이 있는"
contain,"[동] 들어있다, 포함하다, 함유하다, 억제하다"
recognize,"[동] 인지하다 , 인정하다, 알아보다"
material,"[명] 재료, 소재, 물질[형] 물질의"
comfort,"[명] 편안, 평안함, 위안, 위로[동] 편안하게 하다, 위로하다"
emotion,[명] 감정
amaze,[동] 놀라게 하다
reduce,"[동] 줄이다, 낮추다"
discover,"[동] 발견하다, 알아내다"
decide,"[동] 결정하다, 결심하다"
benefit,"[명] 이익, 혜택[동] 도움이 되다"
affect,[동] 영향을 미치다
level,"[명] 수준, 정도, 수평[형] 수평의"
chemistry,[명] 화학
immediate,"[형] 즉각적인, 시급한, 직접적인"
thus,"[부] 그러므로, 따라서"
proper,"[형] 적절한, 알맞은"
performance,"[명] 공연, 성과"
essence,"[명] 본질, 정수"
economic,"[형] 경제의, 경제학의"
cell,[명] 세포
focus,[동] 집중하다[명] 초점
issue,"[명] 논란거리, 쟁점, 문제"
participate,"[동] 참여하다, 참가하다(in)"
demand,"[명] 요구, 수요[동] 요구하다"
occur,"[동] 발생하다, 일어나다, (생각이) 떠오르다"
complex,"[형] 복잡한[명] 복잡체, 복합 건물"
define,"[동] 정의하다, 한계 짓다, 한정하다, 규정하다"
proud,[형] 자랑스러워하는
aware,"[형] 인지하는, 인식하고 있는, 알고 있는"
contact,"[동] 연락하다[명] 접촉, 연락"
profession,"[명] 직업, 직종, 전문직"
detail,"[명] 세부, 세부사항[동] 상술하다"
approach,[동] 접근하다[명] 접근
career,"[명] 직업, 경력"
package,"[명] 꾸러미, 포장, 포장된 짐[동] 포장하다"
disappear,[동] 사라지다
novel,[명] 소설
secure,"[형] 안전한, 안정된[동] 안전하게 하다"
fashion,"[명] 유행, 패션, 방식[동] 만들어 내다"
despite,[전] ~에도 불구하고
background,"[명] (그림, 사람, 사건)배경, 배경 지식"
solution,"[명] 해결, 해결책"
generate,"[동] 일으키다, 발생시키다"
eventually,[부] 결국
decrease,"[동] 줄다[감소하다], 줄이다[명] 감소"
recycle,[동] 재활용하다
desire,"[명] 욕구, 욕망[동] 바라다"
balance,"[명] 균형, 은행 잔고[동] 균형을 이루다"
negative,[형] 부정적인
follow,"[동] 따라가다,  (규칙을) 따르다"
account,"[명] 은행 계좌, 이야기, 설명[동] 설명하다"
publish,"[동] 발표하다, 출판하다"
occasion,"[명] 경우, 특별한 일"
replace,[동] 대체하다
constant,"[형] 일정한, 불변의[명] (수학에서의) 상수"
expert,[명] 전문가
term,"[명] 용어, 기간, 학기"
relieve,"[동] 경감하다, 안도시키다"
describe,"[동] 묘사하다, 표현하다"
biology,[명] 생물학
due,"[형] 만기의, ~하기로 되어 있는"
equipment,"[명] 장치, 장비"
congratulate,[동] 축하하다
birth,[명] 탄생
compose,"[동] 구성하다, 작곡하다, 작문하다"
genius,"[명] 천재, 천재성"
reflect,"[동] 반영하다, 반사하다, 숙고하다"
cause,"[동] ~의 원인이 되다, 야기하다[명] 원인"
frequent,"[형] 빈번한[동] (장소,모임에) 자주 가다"
factor,"[명] 요인, 요소"
extreme,[형] 극단의[명] 극단
tend,"[동] ~하는 경향이 있다, 돌보다"
politics,"[명] 정치, 정치학"
insist,[동] 주장하다
extend,"[동] 연장하다, 넓히다"
lonely,[형] 외로운
habitat,"[명] 서식지, 주거지"
mental,[형] 정신의
steady,"[형] 안정된, 한결같은, 꾸준한"
exchange,[동] 교환하다
active,"[형]  활동적인, 적극적인"
species,[명] (생물분류상의) 종
athletic,"[형] 운동의, 운동경기의"
dental,[형] 치아의
delight,[명] 기쁨[동] 기쁘게 하다
confident,[형] 자신 있는
gradually,"[부] 점차, 서서히"
shadow,[명] 그림자[동] 그늘지게 하다
access,"[명] 접근, 이용[동] 접근하다"
announce,"[동] 발표하다, 알리다"
allow,"[동] 허락하다, 인정하다"
firm,"[형] 확고한, 단단한[명] 회사"
vary,"[동] 바꾸다, 변하다, 다르다"
injure,"[동] 상처를 입히다, 손상시키다"
permit,[동] 허용[허락]하다
response,"[명] 응답, 반응"
threat,"[동] 위협, 협박"
electricity,[명] 전기
disabled,"[형] 장애를 가진, 무능력하게 된"
lack,[명] 부족[동] ~이 부족하다
signify,"[동] 의미하다, 중요하다"
concentrate,[동] 집중하다
emphasize,[동] 강조하다
astronomy,[명] 천문학
flood,[명] 홍수[동] 범람시키다
fuel,[명] 연료[동] 연료를 가하다
manufacture,"[동] 제조하다[명] 제조(업), 제품"
movement,"[명] 움직임, 운동"
capable,"[형] ~을 할 수 있는, 유능한"
combine,"[동] 결합하다, 겸비하다"
gene,[명] 유전자
increase,"[동] (수량이) 증가하다[명] 증가, 이자"
victim,"[명] 희생, 피해자"
pressure,"[명] 압력, 압박[동] 압력을 가하다"
accompany,"[동] 동반[동행]하다, 수반하다"
frustrate,[동] 좌절시키다
construct,[동] 건설하다
dwindle,"[동] 점점 줄어들다, 저하되다"
commerce,"[명] 상업, 교역"
entertain,[동] 즐겁게 하다
predict,"[동] 예언하다, 예측하다"
apologize,[동] 사과하다
sight,"[명] 시야, 광경, 시력"
quantity,[명] 양
conclude,"[동] 결론짓다, 끝내다"
donate,[동] 기부하다
personality,"[명] 개성, 성격, 특색"
struggle,"[동] 싸우다, 노력하다[명] 투쟁, 노력"
advantage,"[명] 유리한 점, 이점"
variety,"[명] 다양, 다양성"
enable,[동] 가능하게 하다
instruction,"[명] 지시, 제품 사용 설명서, 가르침"
assume,"[동] 추정하다, (태도 등을) 취하다"
attempt,[동] 시도하다[명] 시도
incredible,"[형] 믿을 수 없는, (믿기 어려울 만큼) 굉장한"
feature,"[명] 특징, 특집 기사, 얼굴 생김새[동] ~을 특징으로 하다, 주연하다"
confuse,"[동] 혼동하다, 혼란시키다"
electronic,[형] 전자의
absorb,"[동] 흡수하다, (사람, 마음을) 열중시키다"
indicate,"[동] 가리키다, 나타내다"
analyze,[동] 분석하다
stock,"[명] 재고품, 저장, 가축[동] 저장하다, (물품을) 들여놓다"
resident,[명] 거주자
labor,"[명] 노동, 산고[동] 노동하다"
remark,"[명] 의견, 주목[동] 의견을 말하다, ~에 주목하다"
moral,[형] 도덕적인
embarrassed,[형] 당황한
claim,"[동] 주장하다[명] 요구, 주장"
reasonable,"[형] 논리적인, 분별력 있는"
interrupt,"[동] 방해하다, 중단하다"
discount,[명] 할인[동] 할인하다
creature,"[명] 생물, 피조물"
heal,"[동] 치료하다, 낫게 하다"
establish,"[동] 설립하다, 확립하다, 제정하다"
revolution,"[명] 혁명, 갑작스러운 변화, 회전"
criticize,[동] 비난하다
convince,"[동] 확신시키다, 납득시키다"
efficient,"[형] 효율적인, 유능한"
stranger,"[명] 낯선 사람, 문외한"
tide,"[명] 조수, 흐름"
obtain,"[동] 획득하다, 통용되다, 행해지다"
assist,[동] 도움을 주다
disaster,"[명] 재앙, 재난, 재해"
terrific,"[형] 굉장한, 훌륭한"
specific,"[형] 구체적인, 특정한"
react,"[동] 반응하다, 반작용하다"
independent,[형] 독립적인
theory,[명] 이론
qualify,[동] 자격을 얻다
consider,"[동] 숙고하다, 고려하다"
recall,"[동] 상기하다, 철회하다, 회수하다; [명] 상기, 철회"
risk,"[명] 위험, [동] 위험을 감수하다"
treatment,"[명] 취급, 대우, 치료(법)"
engage,"[동] 관여하다, 약속하다, 약혼하다"
motivate,[동] 동기를 부여하다
clue,"[명] 실마리, 단서"
cancer,"[명] 암, 악성 종양"
elder,[형] 나이가 위인; [명] 연장자
depress,"[동] 우울하게 하다, 의기소침(낙담)하게 하다"
fascinate,"[동] 매료시키다, 마음을 빼앗다"
violent,"[형] 난폭한, 폭력적인"
alarm,"[명] 놀람, 경보"
edge,"[명] 가장자리, 날카로움, 우위"
deserve,[동] ~을 받을 만하다(가치가 있다)
route,"[명] 길, 통로, 항로"
psychology,"[명] 심리, 심리학"
passion,[명] 열정
import,"[동] 수입하다, 의미하다 [명] 수입"
purchase,[동] 구매하다 [명] 구매
conscience,[명] 양심
pose,"[동] 자세를 취하다, (문제를) 제기하다 [명] 자세"
length,[명] 길이
severe,"[형] 심한, 엄격한"
decade,"[명] 10년, 10년간"
occupy,"[동] (시간, 장소를) 차지하다, 전념하다"
acquire,[동] 습득하다
interact,[동] 상호 작용하다
brief,[형] 간단한; [명] 간단한 보고; [동] 간단히 알리다
observe,"[동] 관찰하다, ~을 보다, 준수하다"
poetry,"[명] 시, 운문"
salary,"[명] 급료, 봉급"
grain,"[명] 곡물, 낟알"
meaningful,"[형] 의미 있는, 의미심장한"
weed,[명] 잡초 [동] 잡초를 제거하다
survival,[명] 생존
comment,"[명] 논평, 주석
[동] 논평하다"
leap,"[동] 뛰다, 도약하다
[명] 도약"
survey,"[동] 둘러보다, 조사하다
[명] 설문 조사"
typical,"[형] 전형적인, 대표적인"
mere,[형] 단지 ~에 불과한
mechanic,[명] 기계공
mood,"[명] 분위기, 기분"
approve,"[동] 승인하다, 찬성하다"
rural,[형] 시골의
finance,"[명] 재정, 자금
[동] 자금을 조달하다"
seek,"[동] 찾다, 추구하다"
operation,"[명] 작업, 운영, 수술"
crime,[명] 범죄
awful,"[형] 끔찍한, 지독한"
series,"[명] 연속, 시리즈물"
exhausted,"[형] 고갈된, 기진맥진한"
absolute,"[형] 완전한, 절대적인"
surround,[동] 둘러싸다
display,"[동] 전시하다, 나타내다
[명] 전시"
policy,"[명] 정책, 수단"
mass,"[명] 덩어리, 집단"
committee,[명] 위원회
accurate,[형] 정확한
arrange,"[동] 정리하다, 준비하다"
facility,"[명] 시설, 편의"
consult,"[동] 상담하다, 참고하다"
refer,"[동] 언급하다, 위탁하다"
attach,"[동] 붙이다, 첨부하다"
recover,"[동] 회복하다, 되찾다"
reward,"[명] 보상
[동] 보답하다"
enormous,"[형] 엄청난, 거대한"
domestic,"[형] 국내의, 가정의"
wealth,"[명] 부, 재산"
elementary,"[형] 초보의, 기초적인"
gap,"[명] 격차, 틈"
except,"[전] ~을 제외하고
[동] 제외하다"
journey,[명] 여행
plain,"[형] 평범한, 명백한"
downtown,"[명] 도심
[형]도심의
[부] 도심지에서"
previous,"[형] 이전의, 앞의"
produce,"[동] 생산하다, 제조하다"
remain,"[동] 여전히 ~이다, 남다"
break,"[동] 깨다, 고장내다"
slight,"[형] 약간의, 경미한"
include,[동] 포함하다
delay,"[동] 연기하다, 미루다[명] 지연"
file,"[명] 서류철[동] 파일에 철하다, 제기하다"
ethic,[명] 윤리
instant,"[형] 즉각의, 즉석의[명] 순간"
reveal,"[동] 폭로하다, 드러내다"
breed,"[동] 낳다, 양육하다"
leisure,[명] 여가[형] 한가한
urban,[형] 도시의
witness,[명] 목격자[동] 목격하다
admit,"[동] 인정하다, 입학을 허가하다"
muscle,"[명] 근육, 힘"
device,"[명] 장치, 고안, 방책"
suppose,"[동] 추측하다, 가정하다"
owe,[동] 빚지고 있다
intend,"[동] ~할 작정이다, 의도하다"
aspect,"[명] 면, 관점"
potential,[형] 잠재적인[명] 잠재력
award,[명] 상[동] (상 등을) 수여하다
preserve,"[동] 보존하다, 보호하다"
spot,"[명] 장소, 점[동] 발견하다"
underground,"[형] 지하의, 비밀의[명] 지하"
consequence,"[명] 결과, 중요성"
target,[명] 목표[동] 목표로 삼다
unless,[접] 만약 ~이 아니면
accomplish,"[동] 이루다, 성취하다"
adopt,"[동] 입양하다, 채택하다"
unique,"[형] 독특한, 유일한"
slip,"[동] 미끄러지다, 실수하다[명] 종이 조각"
civilization,[명] 문명
row,"[명] 열, 줄[동] 배를 젓다"
horizon,[명] 지평선
atmosphere,"[명] 대기, 분위기"
label,"[명] 꼬리표, 상표[동] 라벨을 붙이다"
decorate,"[동] 장식하다, ~에게 훈장을 주다"
identify,"[동] ~임을 확인하다, 식별하다, 동일시하다"
standard,"[명] 표준, 기준
[형] 기준의, 표준의"
scale,"[명] 규모, 저울, 비늘"
evident,[형] 명백한
seldom,[부] 거의 ~않는
secretary,"[명] 비서, 장관"
basis,"[명] 원리, 기초"
automatic,"[형] 자동적인, 기계적인"
region,[명] 지역
rise,"[동] 일어나다, 오르다
[명] 상승"
addict,"[동] 중독시키다
[명] 중독자"
disappoint,[동] 실망시키다
artificial,"[형] 인공적인, 인조의"
possess,"[동] 소유하다, ~의 마음을 사로잡다"
substance,"[명] 물질, 본질, 실체"
realistic,"[형] 현실적인, 현실주의의"
encounter,"[동] (우연히) 만나다
[명] 마주침"
differ,"[동] 다르다, 의견을 달리하다"
principle,"[명] 원칙, 원리"
memorize,[동] 기억하다
physics,[명] 물리학
evaluate,[동] 평가하다
tremendous,"[형] 굉장한, 무시무시한"
application,"[명] 적용, 신청"
vote,"[명] 투표
[동] 투표하다"
spread,"[명] 퍼짐, 확산
[동] 펼치다, 퍼지다"
impact,"[명] 충격, 영향
[동] 충격을 주다"
cooperate,[동] 협력하다
emit,"[동] (빛, 열, 소리 등을)방출하다"
request,"[명] 요청
[동] 요청하다"
guarantee,"[동] 보장하다
[명] 보증"
resist,[동] 저항하다
fulfill,"[동] 달성하다, 이행하다"
stink,"[동] 역겹다, 악취를 풍기다"
grant,"[동] 수여하다, 승인하다"
rely,"[동] 의지하다, 믿다"
permanent,"[형] 영원한, 영구적인"
emergency,[명] 비상 사태
rid,[동] 제거하다
theme,"[명] 주제, 화제"
hesitate,"[동] 주저하다, 망설이다"
location,"[명] 위치, 장소"
restrict,"[동] 제한하다, 한정하다"
organism,"[명] 유기체, 생물"
resolve,"[동] 해결하다, 결심하다"
offer,"[동] 제공하다, 제안하다"
distribute,"[동] 분배하다, 분포시키다"
rainforest,[명] 열대우림
circumstance,"[명] 상황, 환경"
interpret,"[동] 해석하다, 통역하다"
suitable,"[형] 적절한, 적합한"
curve,"[명] 곡선, 속임수"
annoy,"[동] 괴롭히다, 귀찮게 하다"
frighten,[동] 겁먹게 하다
estimate,"[동] 평가하다[명] 견적, 평가"
refuse,[동] 거절하다
adventure,[명] 모험[동] 위험에 빠뜨리다
entrance,"[명] 입구, 입장"
persuade,[동] 설득하다
perceive,"[동] 인지하다, 인식하다"
recite,[동] 암송하다
gather,[동] 모으다
cabin,"[명] 객실, 선실, 오두막집"
gear,"[명] 장비,  기어[동] 맞게 조정하다"
ray,[명] 광선
release,"[동] 놓아주다, 방출하다[명] 석방, 발표"
rank,"[명] 지위, 계급[동] 매기다, (등급을)차지하다"
symphony,[명] 교향곡
envy,[동] 부러워하다[명] 부러움
corporate,"[형] 회사의, 법인의"
alternative,[명] 대안[형] 대안의
retire,[동] 은퇴하다
appeal,"[동] 호소하다, 관심을 끌다[명] 호소, 항의"
identical,"[형] 동일한, 일란성의"
investment,[명] 투자
autograph,[명] 서명[동] 서명하다
slave,[명] 노예
harm,"[명] 손해, 손상[동] 해치다"
authority,"[명] 권위, 당국"
innocence,"[명] 결백, 무죄, 순진"
infant,"[명] 유아, 유치원생"
calculate,[동] 계산하다
charity,[명] 자선 단체
receive,[동] 받다
whereas,"[접] 그런데, ~에 반해서"
board,"[명] 판자, 게시판[동] 타다"
ignorant,"[형] 무지한, 무식한"
depend,"[동] 의존하다, ~에 달려 있다"
pure,"[형] 순수한, 깨끗한"
extinct,"[형] 멸종된, 사라진"
household,[명] 가정[형] 가정의
chapter,"[명] (책의) 장, 시기, 사제단"
refund,[동] 환불하다[명] 환불금
institute,"[명] 기관, 협회"
lately,[부] 최근에
accept,[동] 받아들이다
ashamed,[형] 부끄러워하는
dense,"[형] 밀집한, (앞이 안 보이게) 짙은"
rescue,[동] 구출하다[명] 구출
continue,[동] 계속하다
destination,[명] 목적지
expand,"[동] 확장되다, 확장시키다"
evolution,"[명] 진화, 발전"
hire,[동] 고용하다
isolate,"[동] 고립시키다, 격리시키다"
gravity,[명] 중력
genuine,"[형] 진짜의, 진실된"
statue,[명] 조각상
compete,[동] 경쟁하다
military,"[형] 군의, 군사의[명] 군, 군대"
logic,"[명] 논리, 논리학"
commit,"[동] (죄 등을) 저지르다, 약속하다, 헌신하다"
sensible,"[형] 합리적인, 현명한"
sum,"[명] 금액, 합계"
conserve,"[동] 보존하다, 보호하다"
swing,"[동] 흔들다, 휘두르다"
marriage,"[명] 결혼, 결혼 생활"
reproduce,"[동] 번식하다, 재생하다, 복제하다"
tone,"[명] 음조, 어조, 억양 [동] 조화하다, 탄력있게 만들다"
concept,[명] 개념
invitation,[명] 초대
precise,"[형] 정확한, 정밀한"
formal,"[형] 공식적인, 격식을 차린"
particle,"[명] 작은 조각, 입자"
cancel,[동] 취소하다
return,"[동] 돌아가다, 돌려주다[명] 돌아감, 귀향"
departure,"[명] 출발, 떠남, 일탈"
apparent,[형] 명백한
visual,"[형] 눈에 보이는, 시각의"
agriculture,[명] 농업
rite,"[명] 의식, 의례"
poverty,[명] 가난
sculpture,[명] 조각상
descend,"[동] 내려가다, 내려오다"
leak,[동] 새다[명] 새는 구멍
portion,"[명] 부분, 1인분"
companion,"[명] 친구, 동료"
diligent,[형]근면한
distinct,"[형] 뚜렷한, 다른"
component,[명] 구성 요소[형] 구성하는
current,"[형] 현재의, 지금의"
universal,"[형] 보편적인, 전 세계의"
trap,[명] 덫[동] 가두다
eager,[형] 갈망하는
legal,"[형] 법률의, 합법적인"
demonstrate,"[동] 입증하다, 시위하다, 설명하다"
democracy,[명] 민주주의
mature,[형] 성숙한[동] 성숙하다
brilliant,"[형] 빛나는, 훌륭한"
annual,"[형] 연간의, 해마다의"
faith,"[명] 믿음, 신념"
spare,"[동] (시간, 돈을) 할애하다, (고생을) 면하게 하다[형] 여분의"
transfer,"[동] 이동하다, 옮기다, 환승하다[명] 이[동] 환승"
refrigerator,[명] 냉장고
oppose,[동] 반대하다
desperate,"[형] 절망적인, 필사적인"
remote,"[형] 멀리 떨어진, 원격 조정의"
offend,[동] 불쾌하게 하다
awake,[형] 깨어있는
aim,"[동] 목표로 하다, 겨누다[명] 목표"
option,"[명] 선택, 선택권"
insight,[명] 통찰력
achieve,"[동] 이루다, 성취하다"
civil,"[형] 시민의, 민간의"
pause,[동] 잠시 멈추다[명] 중단
prove,[동] 입증하다
lecture,[명] 강의[동] 강의를 하다
minor,"[형] 사소한, [명] 미성년자[동] 부전공하다"
duty,"[명] 의무, 관세"
vigor,[명] 활력
organize,"[동] 조직하다, 구성하다"
chief,"[명] 우두머리[형] 우두머리의, 주요한"
complicated,[형] 복잡한
digest,[동] 소화하다[명] 요약
shortage,"[명] 부족, 결함"
laboratory,[명] 실험실[형] 실험의
arrive,[동] 도착하다
generous,"[형] 관대한, 넉넉한"
laundry,[명] 세탁물
transform,"[동] 변형시키다, 변환하다"
discipline,"[명] 규율, 훈련[동] 훈육하다, 징계하다"
forbid,[동] 금지하다
ultimate,"[형] 궁극적인, 최후의"
thrive,"[동] 번영하다, 발전하다"
conversation,"[명] 대화, 회담"
bet,"[동] 돈을 걸다, 내기를 하다[명] 내기"
royal,"[형] 왕족의, 왕의"
ruin,"[동] 망치다, 파멸시키다[명] 파멸, 파산"
worship,"[동] 숭배하다, 예배하다[명] 숭배, 예배"
evil,[형] 사악한[명] 악
scarce,"[형] 부족한, 드문"
afterward,"[부] 나중에, 그 후에"
client,"[명] 고객, 의뢰인"
insure,"[동] 보험을 계약하다, 안전하게 하다"
fancy,[명] 공상[형] 화려한[동] 공상하다
surgery,[명] 외과 수술
assign,"[동] 할당하다, 지정하다"
regulate,"[동] 규제하다, 조절하다"
shelf,[명] 선반
utility,"[명] 공익사업, 유용성"
necessity,"[명] 필요, 필수, 필수품"
yield,"[동] 생산하다, 굴복하다, 양도하다[명] 수확(물)"
decline,"[명] 감소, 쇠퇴[동] 감소하다, 쇠퇴하다, 거절하다"
coincidence,"[명] 우연의 일치, 동시에 일어난 사건"
aside,"[부] 한쪽으로, 제쳐 두고"
contemporary,"[형] 현대의, 동시대의"
bless,"[동] 축복하다, 감사하다"
explain,[동] 설명하다
prior,"[형] 이전의, 우선하는"
tolerate,"[동] 참다, 용인하다"
measure,"[동] 측정하다[명] 측정, 수단"
abstract,"[형] 추상적인[명] 추상, 개요"
cottage,[명] 오두막집
correct,"[형] 올바른, 정확한[동] 바로잡다, 정정하다"
confirm,"[동] 확인하다, 입증하다, (결심을) 굳게 하다"
imitate,[동] 모방하다
prey,"[명] 먹이, 희생자"
defeat,[동] 패배시키다[명] 패배
illustrate,"[동] 설명하다, (분명히) 보여주다, 삽화를 넣다"
fuse,"[명] 퓨즈, 도화선[동] 융합하다"
pupil,"[명] 학생, 눈동자"
intellect,[명] 지성
spice,"[명] 향신료, 양념"
tempt,[동] 유혹하다 (관심을) 끌다
inspire,"[동] 영감을 주다, 고무시키다, 격려하다"
dine,"[동] 식사하다, 만찬을 대접하다"
literally,[부] 문자 그대로
appropriate,[형] 적절한
resort,"[명] 휴양지, 의지[동] 의지하다, 자주 가다"
grab,[동] 움켜쥐다[명] 움켜쥠
propose,"[동] 제안하다, 청혼하다"
wreck,"[명] 난파선, 사고[동] 난파시키다"
document,"[명] 문서, 서류[동] 기록하다"
suspect,[동] 의심하다[명] 용의자
alien,"[형] 외국의, 이질적인[명] 외국인, 외계인"
prohibit,[동] 금지하다
install,[동] 설치하다
triumph,[명] 승리[동] 승리하다
scholarship,"[명] 장학금, 학문"
execute,"[동] 실행하다, 처형하다"
ensure,"[동] 반드시 ~하게 하다, 보장하다, 확실하게 하다"
receipt,[명] 영수증
defect,"[명] 결점, 결함[동] (국가?당 등을) 버리다"
trait,"[명] 특징, 특성"
modest,"[형] 겸손한, 미천한, 알맞은"
virtual,"[형] 실제의, 가상의, 사실상의"
compare,"[동] 비교하다, 비유하다"
address,"[명] 주소, 연설, 인사말[동] 연설하다, 접근하다"
inner,"[형] 안쪽의, 내적인, 내부의"
contrary,"[형] 반대의, 불리한[명] 정반대, 반대의 것"
split,"[동] 나뉘다, 분열되다, 찢다, 쪼개다[명] 틈, 분열"
supervise,"[동] 감독하다, 관리하다, 통제하다"
inhabit,"[동] ~에 살다, 거주하다"
appear,"[동] 나타나다, ~인 것 같다"
commute,[동] 통근하다[명] 통근(거리)
earthquake,"[명] 지진, (사회?정치적) 대변동"
enroll,"[동] 등록하다, 입학하다"
debate,"[동] 논쟁하다, 토론하다[명] 논쟁, 토론"
abandon,"[동] 버리다, 포기하다"
conquer,"[동] 정복하다, 이기다, 극복하다"
nevertheless,[부] 그럼에도 불구하고
seal,"[동] 봉인하다[명] 봉인, 도장, 바다표범"
greed,"[명] 탐욕, 식탐"
contract,"[명] 계약, 계약서[동] 계약하다, 수축하다"
nutrition,[명] 영양
retail,[명] 소매[동] 소매하다[부] 소매로
prejudice,"[명] 편견, 선입관[동] 편견을 갖게 하다"
register,"[동] 등록하다, 기재하다[명] 등록부"
agency,"[명] 기관, 대행사, 대리점"
nurture,"[동] 양육하다, 양성하다, 교육하다[명] 교육, 양육"
priest,[명] 성직자
elegant,"[형] 우아한, 고상한"
impose,"[동] 부과하다, 강요하다"
arise,"[동] 발생하다, 일어나다, 생겨나다"
modify,"[동] 수정하다, 변형하다"
masterpiece,"[명] 대표작, 대작, 명작"
harsh,"[형] 가혹한, 거친"
drought,[명] 가뭄
criteria,"[형] 기준, 표준 (criterion의 복수형)"
extraordinary,"[형] 비범한, 기이한, 놀라운"
dim,"[형] 희미한, 어둑한
[동] 어둑하게 하다"
general,"[형] 일반적인, 전반적인
[명] 장군"
scream,"[동] 비명을 지르다
[명] 비명"
spill,"[동] 흘리다, 쏟다"
glare,"[동] 노려보다, 반짝 반짝 빛나다
[명] 노려봄, 눈부신 빛"
swallow,"[명] 삼킴, 제비
[동] 삼키다"
usual,"[형] 늘 하는, 흔히 있는"
routine,"[명] 틀에 박힌 일
[형] 일상적인, 지루한"
eliminate,"[동] 제거하다, 삭제하다"
deny,"[동] 부인하다, 거절하다"
sensitive,"[형] 민감한, 예민한"
tragic,[형] 비극적인
deprive,"[동] 빼앗다, 강탈하다"
conscious,"[형] 의식하는, 의식이 있는"
interfere,[동] 간섭하다
temporary,[형] 임시의
council,[명] 의회
adolescent,"[명] 청소년
[형] 청소년의"
arctic,[형] 북극의
capture,"[동] 붇잡다, 점유하다"
dilute,"[형] 묽은
[동] 묽게 하다, 약화시키다"
associate,"[동] 연상하다, 어울리다
[명] 동료"
figure,"[명] 숫자, 인물
[동] 이해하다, 계산하다"
warehouse,[명] 창고
crew,"[명] 승무원, (특별한 기술의)팀
[동] 승무원으로 일하다"
barrier,"[명] 장벽, 장애물"
pedestrian,"[명] 보행자
[형] 보행자의"
glance,"[동] 흘꿋 보다
[명] 흘끗 봄"
errand,[명] 심부름
irritate,"[동] 짜증나게 하다, 자극하다"
welfare,"[명] 복지, 행복"
cruel,"[형] 잔인한, 비참한"
fold,"[동] 주름
[동] 접다"
trial,"[명] 재판, 시험"
tribe,[명] 부족
profound,"[형] 깊은, 심오한"
tradition,[명] 전통
distinguish,[동] 구별하다
statement,"[명] 진술, 성명, 진술서"
prevail,"[동] 만연하다, 우세하다"
widespread,[형] 널리 퍼진
result,[명] 결과
fade,"[동] 사라지다, (색깔이) 바래다"
progress,"[명] 진전, 진보[동] 진보하다"
weapon,[명] 무기
drastic,"[형] 과감한, 격렬한"
reinforcement,"[명] 병력 증강, 강화"
wonder,"[동] 궁금해하다, 놀라다[명] 놀라움"
pile,[명] 더미[동] 쌓다
protect,[동] 보호하다
infection,[명] 감염
stiffen,[동] 굳어지다
endanger,[동] 위험에 빠뜨리다
adjust,"[동] 조절하다, 적응하다"
peer,"[명] 동료, 또래[동] 자세히 들여다보다"
renew,"[동] 새롭게 하다, 연장하다"
germ,"[명] 세균, 싹, 근원"
atom,[명] 원자
realize,"[동] 깨닫다, 실현하다"
enrich,[동] 부유하게 하다
noble,"[형] 고결한, 귀족의"
repair,[동] 수리하다[명] 수리
candidate,[명] 후보자
ideal,[형] 이상적인[명] 이상
crop,[명] 농작물
ethnic,[형] 민족의
foretell,[동] 예언하다
wholesale,"[형] 도매의, 대량의"
debt,[명] 부채
representative,[명] 대표자
shift,[동] 바꾸다[명] 변화
strict,"[형] 엄격한, 엄밀한"
appliance,[명] 가전제품
furthermore,"[부] 더욱이, 게다가"
excess,"[명] 초과, 과다"
command,"[동] 명령하다, 지휘하다[동] 명령, 지휘"
ecosystem,[명] 생태계
fame,[명] 명성
oral,[형] 입의[명] 구술시험
drift,"[명] 표류, 일반적인 경향[동] 떠돌다, 방황하다"
outstanding,"[형] 뛰어난, 눈에 띄는"
mislead,[동] 잘못 판단하게 하다
dedicate,"[동] (시간, 노력을) 바치다"
avoid,"[동] 피하다, 방지하다"
initial,"[형] 초기의, 처음의
[명] 머리글자 (이니셜)"
sink,[동] 가라앉다
beard,[명] 턱수염
haste,[명] 서두름
crush,"[동] 으스러뜨리다, 빻다"
confront,"[동] 맞서다, 직면하다"
destiny,[명] 운명
hardship,"[명] 고난, 고통"
escape,"[동] 탈출하다, 벗어나다
[명] 탈출, 도피"
valid,"[형] 타당한, 유효한"
entire,"[형] 전체의, 완전한
[명] 전부, 전체"
dispose,"[동] 배치하다, 처리하다"
optimal,[형] 최적의
hydrogen,[명] 수소
thread,"[명] 실
[동] 실을 꿰다"
dynasty,[명] 왕조
scatter,"[동] 뿌리다, 흩어지다"
gamble,"[동] 돈을 걸다, 도박을 하다
[명] 도박"
temper,"[명] 성질, 기분"
exist,"[동] 존재하다, 살아가다"
undoubtedly,"[부] 의심할 여지없이, 확실히"
raft,"[명] 뗏목, 비닐보트"
minimal,"[형] 최소의, 아주 적은"
soak,[동] 흠뻑 적시다
craft,"[명] 공예, 기술
[동] 공들여 만들다"
combat,"[명] 전투
[동] 싸우다"
cease,[동] 중단하다
ceiling,"[명] 천장, 최고 한도"
unify,"[동] 통합하다, 통일하다"
perspective,"[명] 견해, 관점"
doom,"[명] 나쁜 운명
[동] 운명 짓다"
bump,[동] 부딫치다
primary,"[형] 주된, 초기의"
genre,"[명] 형식, 장르"
erase,[동] 지우다
review,"[동] 복습하다, 재검토하다
[명] 복습, 검토, 비평"
vital,"[형] 필수적인, 중요한, 생명 유지와 관련된"
incident,"[명] 사건, 일어난 일[형] 일어나기 쉬운"
session,"[명] 시간, 회의, 기간, 학기"
obvious,"[형] 분명한, 명백한"
moderate,"[형] 온건한, 적당한"
budget,"[명] 예산, 예산안"
graze,"[동] 풀을 뜯다, 방목하다"
fragile,[형] 부서지기 쉬운
myth,"[명] 신화, 사회적 통념"
fur,"[명] 부드러운 털, 모피"
indifferent,[형] 무관심한
strain,"[명] 긴장, 압박[동] 잡아당기다, 긴장시키다, 혹사하다"
ingredient,"[명] 재료, 성분"
dismiss,"[동] 묵살하다, 해고하다, 해산시키다"
geometry,[명] 기하학
glacier,[명] 빙하
urge,"[동] 촉구하다, 강요하다"
celebrity,"[명] 유명 인사, 명성"
antique,"[형] 고대의, 옛날의, 고풍의[명] 골동품"
profit,"[명] 이익, 이윤[동] 이익을 얻다"
sphere,"[명] 구, 구체"
inherit,"[동] 상속받다, 물려받다"
disgrace,"[명] 불명예, 수치"
crawl,"[동] 기어가다, 서행하다[명] 기어가기, 서행"
scratch,"[동] 긁다, 할퀴다[명] 긁힌 자국, 찰과상"
diabetes,[명] 당뇨병
congestion,"[명] 혼잡, 밀집"
constitute,"[동] 구성하다, 설립하다, 제정하다"
flow,[명] 흐름[동] 흐르다
investigate,"[동] 조사하다, 수사하다"
barter,"[명] 물물 교환, 교역품[동] 물물 교환하다"
circular,"[형] 원의, 순환의"
chilly,"[형] 쌀쌀한, 냉담한"
ancestor,"[명] 조상, 선조"
fierce,"[형] 사나운, 맹렬한"
vague,"[형] 희미한, 막연한, 모호한"
rough,"[형] 거친, 난폭한, 대강의"
content,"[명] 내용, 목차[형] 만족하는"
obstacle,"[명] 장애물, 방해가 되는 것"
editorial,"[형] 편집자의[명] 사설, 논설"
abolish,[동] 폐지하다
assure,"[동] 확실하게 하다, 보증하다"
form,"[명] 형태, 종류[동] 형성하다"
gender,"[명] 성, 성별"
innovation,[명] 혁신
opponent,"[명] 상대, 반대자[형] 반대하는"
present,"[형] 현재의[명] 현재, 선물[동] 제출하다 나타내다"
fertile,"[형] 비옥한, 기름진"
emperor,[명] 황제
dwell,"[동] 거주하다, 살다"
chore,"[명] 허드렛일, 집안일"
rehearsal,"[명] 리허설, 예행연습"
fossil,[명] 화석
glitter,[동] 반짝이다 [명] 반짝임
carve,"[동] 새기다, 조각하다"
decay,"[동] 부패하다, 쇠퇴하다[명] 부패, 쇠퇴"
protein,[명] 단백질
backward,[부] 뒤쪽으로 후방에 거꾸로
translate,"[동] 번역하다, 옮기다"
refresh,"[동] 상쾌하게 하다, 새롭게 하다"
tissue,[명] (생물) 조직
lord,[명] 군주
substitute,"[동] 대체하다[명] 대리자, 대체물"
scan,"[동] 정밀 검사하다, 유심히 쳐다보다"
pottery,"[명] 도자기, 도예"
layer,"[명] 층, 겹"
property,"[명] 재산, 소유물 , 부동산"
justify,[동] 정당화하다
polish,"[동] 닦다, 윤을 내다, (문장 등을)다듬다"
flavor,[명] 맛동사 맛을 내다
imprint,"[동] 찍다 감명시키다명사 찍은 자국, 인상"
heritage,"[명] 유산, 세습 재산"
strive,"[동] 노력하다, 애쓰다 , 투쟁하다"
radiant,"[형] 빛나는, 아주 밝은"
exclaim,[동] (감탄하며)외치다
asset,"[명] 자산, 재산"
portray,"[동] 묘사하다, 설명하다, 초상을 그리다"
administer,"[동] 관리?운영하다, 집행하다, 주다"
wage,[명] 급료
subscribe,[동] 정기 구독하다
architecture,"[명] 건축학, 건축 양식"
territory,"[명] 영토, 영역"
strategy,"[명] 전략, 계획"
hence,"[부] 그러므로, 향후"
panic,"[형] 당황한
[명] 공황"
wilderness,[명] 황무지
attract,"[동] 끌다, 매혹하다"
category,"[명] 부류, 종류"
murder,"[동] 죽이다
[명] 살인"
funeral,"[명] 장례식
[형] 장례의"
humiliation,"[명] 창피 줌, 굴욕"
ban,"[동] 금지하다
[명] 금지"
flush,"[동] 물로 씻어내리다, (얼굴이) 붉어지다
[명] 물로 씻어냄, 홍조"
omit,[동] ~을 생략하다
outcome,[명] 결과
despair,"[명] 절망
[동] 절망하다"
alert,"[형] 조심하는
[동] 경고하다
[명] 경계"
compact,"[형] 아담한, 빽빽한
[명] 계약, 협정"
likewise,[부] 마찬가지로
astonish,[동] 깜짝 놀라게 하다
optimistic,[형] 낙천적인
loyal,[형] 충성스러운
humid,[형] 습한
pretend,[동] ~인 척하다
graduate,"[동] 졸업하다
[명] 졸업생"
delicate,"[형] 연약한, 섬세한, 미묘한"
inflate,"[동] 부풀리다, 과장하다, (가격을) 올리다"
adequate,[형] 적절한
physician,[명] 의사
joint,"[명] 관절
[형] 공동의"
via,"[전] ~을 경유해서, ~을 매개로 하여"
passage,"[명] 통로, (책의) 구절"
prefer,[동] ~을 좋아하다
vessel,"[명] 선박, 용기"
restore,[동] 이전상태로 회복시키다
passive,"[형] 소극적인,수동적인"
experience,"[명] 경험
[동] 경험하다"
marble,[명] 대리석
classify,[동] 분류하다
fundamental,"[형] 근본적인, 필수의"
majesty,"[명] 위엄, 장엄, 왕(M-)"
intimate,"[형] 친밀한, 친숙한"
merit,"[명] 장점, 가치"
launch,"[동] 시작하다, 출시하다
[명] 발사, 출시"
conference,[명] 회의
reception,"[명] 접수처, 환영연회"
shrug,"[동] 어깨를 으쓱하다
[명] 어깨를 으쓱하기"
vicious,"[형] 악랄한, 타락한"
cherish,[동] 소중히 하다
accuse,"[동] 고발하다, 비난하다"
eternal,[형] 영원한
shrink,"[동] 줄어들다, 피하다"
colleague,[명] 동료
transmit,"[동] 보내다, 전염시키다, 전도하다"
copper,"[명] 구리
[형] 구리의, 구릿빛의"
orbit,"[명] 궤도
[동] 궤도를 그리며 돌다"
overwhelm,"[동] 압도하다, 당황하게 하다"
discard,"[동] 폐기하다, 버리다, 처분하다"
famine,"[명] 기근, 굶주림, 기아"
pill,[명] 알약
enhance,[동] 강화하다
immune,"[형] 면역의, 면역성이 있는"
superior,"[형] 뛰어난, 눈에 띄는"
string,"[명] 끈
[동] 끈을 달다"
cope,[동] 대처하다
raw,"[형] 날것의, 가공하지 않은"
apply,"[동] 지원하다, 적용되다"
cattle,[명] 소
loan,"[동] 빌려주다
[명] 대여, 융자금"
obedient,"[형] 유순한, 순종하는"
procedure,"[명] 절차, 수술"
bond,"[명] 유대, 속박
[동] 유대를 맺다"
angle,"[명] 각도, 각
[동] 비스듬히 움직이다"
subtle,"[형] 미묘한, 교묘한, 예민한"
depict,"[동] 묘사하다, 그리다"
radical,"[형] 근본적인, 급진적인"
therapy,[명] 치료법
caution,"[명] 조심, 경고
[동] 경고하다"
persist,"[동] 고집하다, 지속하다"
reverse,"[동] 뒤집다, 후진하다
[형] 반대의
[명] 반대, 후진"
support,"[명] 떠받치, 지지
[동] 지지하다, 후원하다"
mammal,[명] 포유동물
iceberg,[명] 빙산
monetary,[형] 화폐의
revise,"[동] 개정하다, 수정하다"
resent,"[동] 분개하다, 화를 내다"
superb,[형] 매우 뛰어난
abrupt,"[형] 갑작스런, 퉁명스러운"
diverse,[형] 다양한
internal,"[형] 내부의, 체내의"
gloom,"[명] 우울, 어둠"
refine,"[동] 개선하다, 정제하다"
dynamic,"[형] 역동적인, 활발한"
nerve,[명] 신경
prompt,"[형] 신속한, 즉각적인
[동] 촉발하다, 자극하다"
suspend,"[동] 일시 중지하다, 보류하다, 정직(정학)시키다"
control,"[동] 통제하다, 지배하다
[명] 통제, 지배"
distraction,[명] 집중을 방해하는 것
collapse,"[동] 무너지다, (가격이) 폭락하다"
monologue,[명] 독백
martial,"[형] 군대의, 전쟁의"
deliberate,"[형] 고의의, 신중한"
trigger,"[동] 작동시키다, 촉발시키다
[명] 방아쇠, 계기"
plot,"[명] 줄거리, 음모
[동] 음모를 꾸미다"
rod,"[명] 막대, 낚싯대"
Atlantic,"[명] 대서양
[형] 대서양의"
industry,[명] 산업
weird,"[형] 이상한, 괴상한"
suggest,"[동] 제안하다, 암시하다"
partial,"[형] 부분적인, 편파적인"
priceless,[형] 대단히 소중한
mutual,"[형] 상호 간의, 공동의"
fate,[명] 운명
booth,[명] 작은 공간
pursue,[동] 추구하다
prescribe,"[동] 처방하다, 규정하다"
erupt,[동] (화산이) 폭발하다
insult,"[동] 모욕하다
[명] 모욕, 모욕적인 말"
gaze,"[동] 응시하다
[명] 응시"
supreme,"[명] 최고
[형] 최고의"
transaction,"[명] 거래, 매매"
sufficient,[형] 충분한
stable,"[형] 안정된
[명] 마구간"
sympathy,"[명] 연민, 동의"
by-product,[명] 부산물
edible,[형] 먹을 수 있는
federal,"[형] 연방의, 연방 정부의"
bud,"[명] 싹, 봉오리, 친구"
trivial,[형] 사소한
anxiety,"[명] 걱정, 불안, 열망"
tablet,[명] 알약
prepare,[동] 준비하다
trade,"[명] 무역하다, 교환하다"
liquid,"[명] 액체
[형] 액체의, 유동적의"
contend,"[동] 싸우다, 주장하다"
outlook,"[명] 전망, 경치, 견해"
roam,"[동] 배회하다, 돌아다니다"
decent,"[형] 괜찮은, 예의 바른, 적절한"
concern,"[명] 걱정, 관심
[동] 걱정하다, 관심을 갖다"
behalf,"[명] 측, 편, 이익"
suffer,"[동] 고통 받다, 겪다"
distortion,"[명] 왜곡, 찌그러뜨림"
infinite,[형] 무한한
anticipate,"[동] 예상하다, 기대하다"
symbolic,[형] 상징적인
municipal,[형] 지방 자치제의
phenomenon,[명] 현상
devote,"[동] (시간, 노력)쏟다"
peasant,[명] 소작농
tenant,[명] 세입자
worthwhile,[형] 가치있는
pavement,[명] 포장도로
dioxide,[명] (화학)이산화물
diminish,"[동] 줄이다, 약화시키다"
jealous,"[형] 질투하는, 시기하는"
limp,"[형] 기운이 없는, 축 처진"
exclude,"[동] 제외하다, 차단하다"
flexible,"[형] 융통성 있는, 잘 구부러지는"
nominate,[동] 지명하다
sacred,"[형] 성스러운, 종교적인"
context,[명] 맥락
complete,[형] 완벽한[동] 완료하다
race,"[명] 경주, 인종[동] 경주하다"
dominate,[동] 지배하다
vehicle,[명] 탈것
complain,[동] 불평하다
brochure,[명] 브로셔
force,[명] 힘[동] 강요하다
nest,[명] 둥지
gain,[동] 얻다
curriculum,[명] 교육 과정
sew,[동] 바느질하다
masculine,[형] 남자의
frown,[동] 눈살을 찌푸리다[명] 찡그린 얼굴
astound,[동] 놀라게 하다
dictator,[명] 독재자
assessment,[명] 평가
crucial,"[형] 중대한, 결정적인"
paralysis,[명] 마비
deck,[명] (배의) 갑판
cheer,[명] 환호[동] 환호하다
miserable,[형] 비참한
tease,[동] 괴롭히다
aggressive,[형] 공격적인
cure,[동] 치료하다[명] 치료
attribute,[동] ~의 결과로 여기다[명] 속성
foster,[동] 육성하다
phychologist,[명] 심리학자
postpone,[동] 연기하다
rob,"[동] 강탈하다, 훔치다"
abuse,"[동] 남용하다, 학대하다[명] 남용, 학대"
unemployed,[형] 실업의
breakdown,"[명] 고장, 쇠약"
disguise,"[동] 숨기다, 변장"
blueprint,[명] 청사진
rear,[형] 뒤의[명] 뒤[동] 기르다
output,[명] 생산량
sermon,[명] 설교
sprout,[동] 싹이 트다. 싹
tin,"[명] 주석, 양철"
reform,"[동] 개혁하다[명] 개혁,"
deal,[동] 다루다[명] 거래
recruit,[동] 모집하다[명] 신병
maintain,[동] 유지하다
workshop,"[명] 작업장, 워크숍"
patient,[명] 환자
convention,"[명] 총회, 관습"
devastate,[동] 황폐시키다
reap,[동] 수확하다
overlook,"[동] 간과하다, 내려다보다"
deliver,"[동] 배달하다, (연설을)하다"
reject,"[동] 거부하다, 거절하다"
nourish,"[동] 영양분을 주다, 기르다"
bay,[명] 만
stun,[동] 놀라게 하다
particular,[형] 특정한
bulletin,[명] 게시(물)
fluid,[형] 유동성의[명] 유동체
affair,"[명] 일, 사건"
dawn,"[명] 새벽, 시작[동] 날이 새다"
hostile,[형] 적대적인
respect,"[동] 존경하다, (법 등을) 준수하다[명] 존경, 측면"
await,[동] 기다리다
concrete,[형] 구체적인
lease,[동] 임대하다[명] 임대차 계약
racial,[형] 인종의
variable,"[형] 변수. 변하기 쉬운, 변덕스러운"
satisfy,[동] 만족시키다
rule,"[명] 규칙, 지배[동] 지배하다"
perseverance,[명] 인내심
fatal,[형] 치명적인
remove,"[동] 제거하다, 치우다"
invert,[동] 거꾸로 하다
tension,[명] 긴장
reign,"[명] 통치, 지배"
crack,[명] 금이 가다[명] (갈라진 틈
startle,[동] 깜짝 놀라게 하다
discourage,"[동] 낙담시키다, 말리다"
compensate,[동] 보상하다
convert,"[동] 전환시키다, 바꾸다"
strike,[동] 치다
suppress,"[동] 억압하다, 참다"
core,[명] 핵심(의)
contribute,[동] 공헌하다
spear,[명] 창
renowned,[형] 명성 있는
era,[명] 시대
withdraw,[동] 인출하다
immigrate,[동] 이주하다
dignity,[명] 존엄
notify,"[동] 통보하다, 알리다"
animate,[동] 생기를 불어넣다 [형] 살아 있는
prevent,"[동] 예방하다, 막다"
bilingual,[형] 2개 국어의
mischief,"[명] 장난, 해악"
discriminate,"[동] 차별하다, 구별하다"
exemplify,[동] 예시하다
adhere,[동] 고수하다
judge,[동] 판단하다
peculiar,[형] 독특한
sake,"[명] 위함, 목적"
choke,[동] 질식시키다
folktale,"[명] 민간 설화, 전설"
simultaneously,[부] 동시에
range,[명] 범위
groom,[명] 신랑
supernatural,[형] 초자연적인
tender,[형] 부드러운
instinct,[명] 본능
gigantic,[형] 거대한
meditate,[동] 명상하다
mow,[동] (풀을) 베다
evolve,"[동] 진화하다, 발전하다"
chase,"[동] 추격하다, 쫓다"
afflict,[동] 괴롭히다
literate,[형] 읽고 쓸 수 있는
coherent,"[형] 통일성 있는, 조리 있는"
intolerable,참을 수 없는
fountain,[명] 분수
bold,"[형] 대담한, 선이 굵은"
compliment,[동] 칭찬하다[명] 칭찬
summit,[명] 정상
troop,"[명] 무리, 군대"
alter,"[동] 바꾸다, 변경하다"
conceive,[동] 생각해 내다
durability,내구성
destroy,[동] 파괴하다
shallow,"[형] 얕은, 피상적인"
face,"[명] 얼굴, 표면[동] 직면하다"
weep,[동] 울다
grasp,[동] 붙잡다
overall,"[형] 전반적인, 전체의"
superstition,[명] 미신
colony,[명] 식민지
absurd,"[형] 불합리한, 우스꽝스러운"
dormitory,[명] 기숙사
prone,[형] ~하는 경향이 있는
conceal,[동] 숨기다
retreat,[동] 후퇴하다[명] 후퇴
compulsive,"강제적인, 강박의"
clinic,"[명] 전문 병원, 개인 병원"
banner,[명] 현수막
formulate,"[동] 만들어내다, 공식화하다"
vow,[명] 맹세(하다)
malnutrition,영양실조
relate,[동] 관련시키다
undergo,[동] 겪다
boast,[동] 자랑하다
neutral,[형] 중립의
stain,[명] 얼룩
incentive,"[명] 장려책, 자극"
float,"[동] 뜨다, 떠다니다"
tendency,[명] 경향
applause,[명] 박수갈채
wrestle,"[동] 싸우다, 씨름하다"
sensation,"[명] 감각, 느낌"
Confucian,"공자의, 유교의"
diameter,[명] 지름
ultrasound,[명] 초음파
propriety,"[명] 적절성, 예의바름"
anecdote,[명] 일화
shrub,[명] 관목
pledge,"[명] 서약, 담보
[동] 서약하다"
cost,"[명] 가격, 비용
[동] (가격, 비용이) 들다"
geology,[명] 지질학
detect,"[동] 찾아내다, 감지하다"
temperate,"[형] 절제하는, (기후가) 온화한"
soar,"[동] 급등하다, 날아오르다"
mock,"[동] 놀리다, 조롱하다
[형] 가짜의, 모조의"
disclose,"[동] 폭로하다, 드러내다"
exhibit,"[동] 전시하다
[명] 전시품"
symptom,"[명] 증상, 증후"
manage,"[동] 경영하다, 관리하다, 간신히 해내다"
awkward,"[형] 어색한, 서투른, 다루기 힘든"
grind,[동] 갈다
expose,"[동] 노출시키다, 폭로하다"
closet,[명] 벽장
damp,[형] 축축한
script,[명] 대본
possibility,"[명] 가능성, 기회"
fad,[명] (일시적인) 유행
sibling,"[명] 형제, 자매"
linger,"[동] 남아 있다, 어슬렁거리다"
flourish,"[동] 번성하다, 건강하다"
discharge,"[동] 해고하다, 방출하다, 방면하다
[명] 해고, 방출, 면제"
thorough,[형] 철저한
undertake,"[동] 착수하다, 약속하다"
cord,"[명] 끈, 전기코드, (직물)코르덴 천
[형] 코르덴 천으로 만들어진"
linguistic,"[형] 언어의, 언어학의"
remedy,[명] 치료
sole,"[형] 유일한, 단독의"
sophomore,"[명] (고교, 대학의) 2학년생"
panel,[명] 판
suitor,"[명] 소송인, 구혼자"
pillar,[명] 기둥
explode,[동] 폭발하다
illusion,"[명] 착각, 환각"
draft,"[명] 초고, 초안
[동] 초안을 그리다"
crude,"[형] 조잡한, 있는 그대로의"
supplement,"[동] 보완하다
[명] 보완, 보충"
velocity,[명] 속도
tame,"[동] 길들이다
[형] 길들여진"
molecule,[명] 분자
reed,"[명] 갈대
[형] 갈대의"
dismay,"[명] 실망
[동] 크게 실망시키다"
diagnose,[동] 진단하다
versus,[전] ~와 대비하여
reservoir,[명] 저수지
conform,"[동] 따르다, 순응하다"
spacious,"[형] 넓은, 훤히 트인"
weave,"[동] (천을) 짜다
[명] 짜기"
ceremony,"[명] 의식, 식"
motive,"[명] 동기, 이유"
prominent,[형] 두드러진
archaeology,[명] 고고학
rigid,"[형] 엄격한, 굳은"
inferior,"[형] 열등한, 질 낮은"
subtract,[동] 빼다
impulse,"[명] 충동, 욕구, 추진력"
utmost,"[형] 최대한의 
[명] 최대한도"
proficient,[형] 숙달된
accumulate,"[동] 모으다, 축적하다"
navigate,"[동] 길을 찾다, 항해하다"
equity,"[명] 자기자본, 공평"
violate,"[동] 위반하다, 침해하다"
ambitious,[형] 야망을 가진
intact,"[형] 온전한, 손상되지 않은"
plea,"[명] 애원, 탄원"
attend,"[동] 참석하다, 유의하다, 돌보다"
trim,"[동] 다듬다
[형] 잘 정돈된
[명] 정돈"
embody,"[동] 구체화하다, 포함하다"
characteristic,"[명] 특징, 특성
[형] 특유의"
consist,[동] ~로 구성되다
boundary,"[명] 경계, 한계"
attack,"[동] 공격하다
[명] 공격"
confine,"[동] 제한하다, 가두다"
dispatch,"[명] 급파, 발송
[동] 파견하다, 발송하다"
regret,[동] 후회하다[명] 후회
coffin,[명] 관
divine,[형] 신성한
revenue,[명] 수익
corrupt,"[형] 부패한, 타락한[동] 부패하다, 타락하다"
probe,"[동] 조사하다, 연구하다[명] 조사"
factual,[형] 실제의
swamp,"[명] 늪, 습지"
expedition,[명] 탐험
abnormal,"[형] 이상한, 비정상의"
storage,"[명] 저장소, 저장"
revive,[동] 되살아나다
stool,[명] (등받이 없는) 의자
hinder,[동] 방해하다
flattery,[명] 아첨
virtue,[명] 미덕
deadline,"[명] 기한, 마감시간"
equator,n.적도
cognitive,[형] 인식의
motion,"[명] 운동, 동작[동] 동작을 해 보이다"
humble,"[형] 겸손한, 비천한"
bounce,"[동] 튀어 오르다, 깡충깡충 뛰다, (공이) 튀다"
imprison,[동] 투옥하다
enlist,[동]모집하다
hygiene,"[명] 위생, 위생학"
upcoming,[형] 다가오는
trace,"[명] 자취, 흔적[동] 추적하다, 밝혀내다"
pulse,[명] 맥박
controversy,"[명] 논쟁, 언쟁, 논란"
locate,"[동] (장소를) 찾아내다, -에 위치하다"
patent,[명] 특허[형] 특허를 받은[동] 특허권을 얻다
convenience,"[명] 편의, 편리, 편의시설"
rush,"[동] 돌진하다, 급하게 가다[명] 돌진, 혼잡"
carbon,[명] 탄소
contaminate,"[동] 오염시키다, 더럽히다"
external,[형] 외부의
herd,"[명] 떼, 무리[동] 떼를 짓다"
allocate,"[동] 할당하다, 배분하다"
gorgeous,"[형] 아주 멋진, 화려한"
confess,[동] 고백하다
subjective,[형] 주관적인
hell,[명] 지옥
acknowledge,[동] 인정하다
accord,"[동] 일치하다, 조화하다[명] 일치, 합의"
immense,[형] 엄청난
extract,"[동] 추출하다, [명] 추출물"
sewage,"[명] 하수, 오물"
reconciliation,[명] 화해
amid,[전] ~의 한가운데
warrant,"[명] 보증서, 영장, 정당한 이유"
complement,[동] 보완하다
ceramic,"[명] 도자기, 요업"
license,"[명] 면허, 인가[동] 면허를 주다, 허가하다"
emerge,[동] 나타나다
halt,"[동] 정지시키다[명] 정지, 멈춤"
ivory,"[명] 상아, 상아색"
ponder,"[동] 곰곰이 생각하다, 심사숙고하다"
lottery,"[명] 복권, 추첨"
stroke,"[명] 타격, 뇌졸증"
burglar,[명] 강도
blame,"[동] 비난하다, ~을 탓하다[명] 비난"
transplant,[동]  이식하다
cluster,[명] 무리
borrow,[동] 빌리다
derive,"[동] 끌어내다, ~에서 비롯되다"
plague,[명] 전염병[동] 괴롭히다
certificate,[명] 증명서
deluxe,[형] 호화로운
convey,"[동] 나르다,전달하다, (생각, 감정을) 전하다"
depth,[명] 깊이
evaporate,[동] 증발하다
lame,"[형] 절름발이의, 설득력이 없는"
conduct,"[동] 실시하다, 수행하다, 행동하다[명] 행위"
sour,[형] (맛이)신
repetitive,[형] 반복성의
oppress,n.억압하다
leftover,"[명] 남은 음식, 잔재"
embrace,"[동] 포옹하다, 껴안다, 수용하다"
blade,[명] 칼날
abundant,[형] 풍부한
duplicate,[형] 똑같은[동] 복사하다[명] 사본
remind,"[동] 상기시키다, 생각나게 하다"
altitude,[명] 고도
glimpse,[동] 흘끗 보다[명] 흘끗 봄
blend,[동] 섞다
swell,"[동] 부풀다,[명] 팽창"
grief,"[명] 비탄, 큰 슬픔"
beverage,[명] 음료수
warrior,"[명] 전사, 용사"
earn,"[동] (평판을) 얻다, 벌다"
slice,[명] (얇게 썬)조각[동] 얇게 썰다
exotic,[형] 이국적인
arrogant,"[형] 거만한, 건방진"
vanish,[동] 사라지다
rational,"[형] 이성적인, 합리적인"
predominant,"[형] 우세한, 두드러진"
cozy,"[형] 안락한, 아늑한"
broker,"[명] 중개인, 브로커[동] 중개하다"
auction,[명] 경매[동] 경매로 팔다
obsess,"v.사로잡다, 강박 관념을 갖다"
feed,"[동] ~에 밥을 주다, ~에 먹이를 주다"
outbreak,"[명] (전쟁, 사고등의) 발발"
invent,[동] 발명하다
pioneer,[명] 개척자[동] 개척하다
assert,[동] 주장하다
undo,"[동] (잠긴 것을) 풀다, 원상태로 돌리다"
bouquet,[명] 꽃다발
elaborate,[형] 정교한
toss,[동] 던지다[명] 던지기
retain,[동] 보유하다
radioactive,[형] 방사능의
buildup,[명] 축적
machinery,[명] 기계
passerby,[명] 통행인
auditorium,[명] 강당
lay,"[동] 놓다, (알을) 낳다"
neglect,[동] 무시하다[명] 소홀
feedback,[명] 피드백
promote,"[동] 증진하다, 승진시키다"
impair,[동] 손상시키다
metaphor,[명] 은유
dispense,"[동] 분배하다, 나누어 주다"
bruise,"[명] 멍, 타박상"
attorney,"[명] 변호사, 대리인"
framework,"[명] 뼈대, 틀, 체제"
heredity,[명] 유전
naive,[형] 순진한
shed,"[동] 떨구다, 흘리다"
metropolitan,[형] 대도시의
shield,[명] 방패[동] 보호하다
induce,"[동] 유도하다, 설득하여 ~시키다"
bazaar,"[명] 시장, 바자"
expel,[동] 추방하다
plow,[명] 쟁기[동] 갈다
prolong,[동] 연장하다
fluent,[형] 유창한
margin,[명] 가장자리
ecology,"[명] 생태학, 생태"
interior,[명] 내부[형] 내부의
ornament,[명] 장식[동] 장식하다
separate,[동] 분리하다
ripe,[형] 익은
vibrate,"[동] 진동하다, 흔들다"
urgent,[형] 긴급한
speculate,"[동] 사색하다 ,투기하다"
epidemic,[명] 전염병
precede,[동] ~에 앞서다
breathtaking,[형] 숨막히는
portfolio,[명] 포트폴리오
beware,[동] 주의하다
handcuff,[명] 수갑
overturn,[동] 전복시키다[명] 전복
pregnant,[형] 임신한
intelligence,[명] 지능
adapt,[동] 적응시키다
settle,[동] 정착하다
assassinate,[동] 암살하다
vapor,[명] 증기
tuition,[명] 수업료
literature,[명] 문학
loop,[명] 고리[동] 고리로 만들다
quote,[동] 인용하다[명] 인용구
inhale,"[동] 들이쉬다, 흡입하다"
prospect,"[명] 전망, 가능성"
anchor,"[명] 닻,앵커"
reference,"[명] 참고, 언급"
compound,[동] 혼합하다[명] 혼합물[형] 합성의
withstand,"[동] 견디다, 버티다"
implement,[동] 실행하다[명] 도구
anonymous,[형] 익명의
collide,"[동] 충돌하다, 일치하지 않다"
memorial,[명] 기념물
vacant,"[형] 비어 있는, 빈자리의"
technical,[형] 기술의
summon,[동] 소환하다
orchard,[명] 과수원
proportion,"[명] 비율, 부분"
antibiotic,[명] 항생 물질
overtake,[동] 따라잡다
resemble,[동] ~와 닮다
wander,"[동] (정처없이) 돌아다니다, 헤매다"
compassion,[명] 동정
preoccupation,"[명] 몰두, 집착"
paste,[동] 풀로 붙이다[명] 풀
provoke,"[동] 선동하다, 자극하다"
wicked,"[형] 사악한, 심술궂은"
sprain,[동] 발목을 삐다
consistent,[형] 일관된
disrupt,[동] 붕과시키다
solitary,"[형] 혼자의, 고립된"
bury,[동] (땅에)묻다
rust,"[명] 녹[동] 녹이 슬다, 부식하다"
discuss,[동] 토론하다
referee,[명] 심판
sector,"[명] 분야, 지역"
boost,[동] 밀어올리다[명] 상승
gymnastics,[명] 체조
gross,[형] 총합의[명] 총합
last,"[형] 마지막, 지난"
tariff,"[명] 관세, 운임표"
beloved,"[형] 총애받는, 사랑하는"
lyric,[명] 가사
yeast,"[명] 이스트, 효모"
skyscraper,[명] 고층건물
inquire,[동] 묻다
spade,"[명] 삽, 스페이드"
vacuum,"[명] 진공, 공백"
migrate,"[동] 이주하다, 이동하다"
spectacle,"[명] 구경거리, 장관"
surplus,"[명] 여분, 나머지
[형] 나머지의"
simulate,"[동] 흉내내다, ~의 모의 실험을 하다"
integration,[명] 통합
hypothesis,"[명] 가설, 가정"
affirm,[동] 단언하다
fortress,[명] 요새
cue,"[명] 신호, 단서
[동] 신호를 주다"
mole,"[명] 반점, 두더지"
divide,[동] 나누다
inborn,타고난
overlap,"[동] 겹치다, 중복되다"
fatique,[명] 피곤
clone,"[명] 복제, 복제품
[동] 복제하다"
peel,[동] 껍질을 벗기다
ease,"[명] 쉬움, 편안함
[동] 편하게 하다, 완화하다"
overcome,[동] 극복하다
fund,[명] 자금
bias,"[명] 편견, 선입견"
vaccine,[명] 백신
tread,"[동] 밟다
[명] 밟기"
vomit,"[동] 구토하다
[명] 구토"
prophecy,[명] 예언
correspond,"[동] 일치하다, 해당하다, 편지를 주고받다"
cling,"[동] 꼭 붙잡다, 달라붙다"
mutation,"[명] 돌연변이, 변형"
obscure,"[형] 모호한, 잘 알려지지 않은
[동] 모호하게 하다"
tyrant,[명] 폭군
odd,"[형] 이상한, 홀수의"
intriguing,[형] 아주 흥미로운
restrain,"[동] 억제하다, 제지하다"
bundle,[명] 묶음
enclose,"[동] 동봉하다, 둘러싸다"
insert,"[동] 삽입하다, 덧붙이다"
keen,"[형] 예민한, ~을열망하는"
constrict,[동] 수축시키다
aid,"[명] 도움, 지원"
reputation,[명] 명성
measurement,[명] 측정
originate,[동] 유래하다
flour,[명] 밀가루
manipulate,"[동] 조작하다, 잘 다루다"
experiment,"[명] 실험
[동] 실험하다"
patriot,[명] 애국자
interchange,[동] 교환하다
intuitive,"[형] 직감에 의한, 직관력 있는"
garment,[명] 의류
spontaneous,"[형] 자발적인, 즉흥적인"
vertical,"[형] 수직의, 세로의
[명] 수직선"
testify,"[동] 증언하다, 증명하다"
mentor,[명] 조언자
vivid,"[형] 생생한, 선명한"
pasture,[명] 초원
crust,"[명] (빵, 파이의)껍질, 딱딱한 표면"
comprehend,"[동] 이해하다, 파악하다"
plunge,"[동] 뛰어들다, 급락하다"
nasty,"[형] 더러운, 비열한"
appreciate,"[동] 진가를 알아보다, 고맙게 여기다, 감상하다"
emigrate,[동] 이민을 가다
deed,"[명] 행동, 공적"
skinny,"[형] 깡마른, 옷이 몸에 딱 붙는"
grill,"[명] 그릴, 석쇠
[동] 그릴에 굽다"
canal,"[명] 운하, 수로"
curse,[명] 저주
adverse,"[형] 불리한, 반대의"
censorship,[명] 검열관
forehead,[명] 이마
appetite,"[명] 식욕, 욕망"
flaw,"[명] 결함, 결점"
outgoing,"[형] 외향적인, 사교적인"
verbal,"[형] 말의, 구두의"
liberate,[동] 해방시키다
segregation,"[명] 인종 차별, 차별정책, 분리"
advance,"[명] 전진하다, 진보하다[명] 발전, 전진, 진보"
contemplate,"[동] ~을 숙고하다, 심사숙고하다, 고려하다, 응시하다"
underlying,"[형] 기초를 이루는, 근본적인, 밑에 있는"
academic,"[형] 학문적인, 학구적인"
stem,"[명] 줄기[동] 생기다, 일어나다"
 irrigation,[명] 관개
consecutive,"[형] 연이은, 연속적인"
superficial,"[형] 표면상의, 피상적인"
refuge,"[명] 피난처, 도피처, 보호구역"
swear,"[동] 맹세하다, 욕을 하다"
allergy,[명] 알레르기
norm,"[명] 표준, 규범"
endeavor,"[동] 노력하다, 시도하다[명] 노력, 시도"
erect,[형] 똑바로 선[동] 세우다
feminine,"[형] 여성의, 여성스러운"
drowsy,[형] 졸리는
inspect,"[동] 점검하다, 시찰하다"
carriage,"[명] 객차, 마차, 운반"
primitive,[형] 원시의
compress,"[동] 압축하다, 압박하다"
govern,"[동] 통치하다, 좌우하다"
cemetery,[명] 공동묘지
shatter,[동] 산산이 부서지다
exaggerate,[동] 과장하다
random,[형] 무작위의
feast,"[명] 잔치, 축제[동] 즐겁게 하다"
commemorate,[동] 기념하다
steep,"[형] 가파른, 비탈진[동] 몰두시키다, (액체에) 담그다"
multitask,[동] 다중작업을 하다
toxic,"[형] 유독한, 유독성의"
stare,[동] 응시하다
chronic,[형] 만성적인
designate,"[동] 지명하다, 지정하다"
dramatic,"[형] 극적인, 급격한, 감격적인"
intense,"[형] 강렬한, 극심한, 치열한"
propaganda,"[명] 선전 활동, 과장된 선전"
numerous,"[형] 다수의, 많은"
shiver,[동] 몸을 떨다떨림
retarded,(정서?지능?학력) 발달이 뒤진
ongoing,[형] 진행 중인진행
mention,[동] 언급하다[명] 언급
executive,"[명] 임원[형] 행정의, 관리의"
chaos,"[명] 혼돈, 혼란"
microscope,[명] 현미경
belonging,"[명] 소유물, 부속물"
vulnerable,"[형] 상처받기 쉬운, 취약한"
implication,"[명] 암시, 영향"
authentic,"[형] 진정한, 진짜의"
compel,"[동] 강요하다, ~ 하게 만들다"
transition,"[명] 변화, 전환"
index,"[명] (책 등의) 색인, 지표"
incline,"[동] ~쪽으로 기울다, 경사지다, 내키게 하다"
attain,"[동] 이루다, 달성하다"
innate,[형] 타고난
ingenuity,"[명] 기발한 재주, 독창성"
record,"[명] 기록, 증언[동] 기록하다, 녹음하다"
seize,"[동] 붙잡다, 파악하다"
screw,[명] 나사나사로 고정하다
savage,"[형] 야만적인, 잔인한[동] 무참히 공격하다야만인"
province,"[명] 지역, 지방"
coordinate,"[동] 조직하다, 조정하다[형] 동등한"
deficient,"[형] 부족한, 불완전한"
privilege,[명] 특권[동] 특권을 주다
preview,"[명] 시사회, 시연, 미리보기"
equivalent,"[형] 동등한, ~에 상당하는[명] 동등한 것"
loom,[동] 어렴풋이 나타나다 베틀
purple,[명] 자주색의
outlaw,"[명] 범법자, 도망자금지하다, 법적으로 무효화하다"
squeeze,[동] (즙 등을) 짜내다
breakthrough,"[명] 돌파구, 비약적 발전"
consent,"[동] 동의하다, 허락하다[명] 동의, 허락"
orphan,[명] 고아
negotiate,[동] 협상하다
nuisance,"[명] 골칫거리, 방해, 귀찮은 사람"
recipe,[명] 요리법
deceive,"[동] 속이다, 기만하다"
sweep,"[동] 쓸다, 휩쓸다"
profile,"[명] 옆모습, 윤곽, 인물 소개"
enterprise,"[명] 기업, 사업"
successive,[형] 연속적인
paradox,"[명] 역설, 모순되는 말"
surpass,[동] 능가하다
correlation,"[명] 상관 관계, 연관성"
magnitude,"[명] 중대성, 거대함"
aesthetic,"[형] 미의, 미학의"
earnest,"[형] 성실한, 진심어린"
tremble,"[동] 떨다, 흔들리다"
slaughter,"[동] 도살하다, 학살하다"
surrender,"[동] 항복하다, 양도하다[명] 항복, 양도"
philosophy,"[명] 철학, 인생관"
deplete,[동] 고갈시키다
admire,[동] 존경하다
deform,"[동] 불구로 만들다, <물리> 변형시키다"
thrill,"[동] 오싹하다 [명] 오싹함, 떨림"
afford,[동] ~할 여유가 있다
blunt,"[형] 무뚝뚝한, 직설적인"
sprint,[동] 전력 질주하다
tense,[형] 긴장한[명] (문법) 시제긴장시키다
amplify,"[동] 증폭시키다, 확대하다"
timber,[명] 목재
collaborate,[동] 협력하다
stance,"[명] 태도, 자세"
blow,"[동] (입으로) 불다, (바람이) 불다"
ballot,[명] 투표투표하다
division,"[명] 분할, 분열, 나눗셈"
acquaintance,[명] 아는 사람
boil,"[동] 끓다, 삶다"
contradict,"[동] 모순되다, 반박하다, 부정하다"
burst,"[동] 터지다, 갑자기 나타나다[명] 파열, 폭발"
cast,"[동] 던지다, 배역을 정하다, (빛을) 발하다[명] 출연자, 깁스"
falsify,[명] 잘못을 입증하다
psychic,"[형] 초자연적인, 마음의"
paddle,[명] 노[동] 노를 저어 나아가다
steer,[동] 조종하다
affection,"[명] 애착, 애정"
bid,[동] 말하다
compost,"[명] 퇴비, 두엄
[동] 퇴비를 만들다, 두엄을 끼얹다"
temperament,[명] 기질
rent,"[명] 임대료
[동] 임대하다"
shred,[동] 조각조각으로 찢다
unpredictable,[형] 예측할 수 없는
tribute,[명] 경의의 표시
artery,[명] 동맥
inherent,[형] 내재하는
harass,[동] 희롱하다
narrative,"[형] 서술의, 이야기로 이루어진
[명] 이야기"
assemble,"[동] 모으다, 조립하다"
spike,"[명] 못, 뾰족한것"
sneak,[동] 몰래 들어가다
sophisticated,"[형] 세련된, 정교한"
handle,"[동] 처리하다, 다루다"
enlightenment,[명] 깨달음
cosmetic,"[명] 화장품
[형] 허울뿐인, 표면적인"
gracious,[형] 상냥한
aspire,[동] 열망하다
obstruct,"[동] 방해하다, 가로막다"
patrol,"[명] 순찰, 순찰병"
accelerate,"[동] 가속하다, 촉진하다"
heatstroke,[명] 일사병
oval,"[형] 타원형의
[명] 타원형"
veteran,"[명] 베테랑, 참전용사"
trail,"[명] 흔적, 오솔길
[동] 끌다, 추적하다"
vocation,"[명] 천직, 직업"
vegetarian,[명] 채식주의자
decode,[동] 해독하다
fellow,"[명] 친구, 동료
[형] 동료의"
mandate,"[명] 권한, 명령
[동] 권한을 부여하다, 명령하다"
perish,"[동] 소멸하다, 죽다"
inseparable,[형] 떼어낼 수 없는
domain,"[명] 영역, 도메인"
statesman,[명] 정치인
connotation,"[명] 함축, 내포"
stereotype,"[명] 인습, 고정관념"
hollow,[형] 속이 빈
structural,"[형] 구조상의, 구조적인"
mortgage,[명] 담보[동] 저당잡히다
inject,"[동] 주사하다, 주입하다"
crisis,[명] 위기
latter,"[형] 나중의, 후자의[명] (둘 중에서) 후자"
illuminate,[동] 계몽하다
mimic,[동] 흉내내다
unearth,[동] 발굴하다
wail,"[동] 울부짖다, 한탄하다"
shudder,"[동] (공포, 추위로) 떨다[명] 떨림"
stride,[동] 성큼성큼 걷다
applicant,[명] 지원자
disprove,[동] 반증하다
distrub,[동] 방해하다
hemisphere,"[명] (지구, 뇌의) 반구"
recur,[동] 재발하다
elastic,[형] 탄력있는[명] 고무줄
counterpart,[명] 대응 하는 것
stubborn,"[형] 완고한, 고집 센"
suicide,[명] 자살
lure,[동] 유혹하다[명] 매력
underprivileged,[형] 혜택받지 못한
morale,"[명] 사기, 의욕"
examine,"[동] 조사하다, 검사하다"
compromise,[동] 타협하다[명] 타협
foremost,[형] 주요한
precaution,"[명] 예방조치, 조심"
torture,[명] 고문[동] 고문하다
entrust,[동] 위임하다
sway,"[동] 흔들다, 동요시키다"
religious,"[형] 종교의, 신앙심이 깊은"
obligation,"[명] 의무, 책임"
pest,"[명] 해충, 유해동물"
subdue,[동] 완화하다
incorporate,[동] 통합하다
regime,"[명] 정권, 제도"
terminate,[동] 끝내다
rebel,[동] 반역을 일으키다
meanwhile,[부] 한편
folklore,[명] 민속
vast,[형] 방대한
preliminary,"[형] 예비의, 준비의[명] 예비 단계, 예선"
theft,[명] 절도
painkiller,[명] 진통제
amend,[동] 수정하다
recess,"[명] 휴식, 휴업"
exploit,[동] 이용하다
autonomy,"[명] 자율, 자치"
outfit,[명] 복장과 장비
mourn,[동] 애도하다
evoke,[동] 이끌어내다
burden,[명] 부담[동] ~에게 부담을 지우다
latitude,[명] 위도
patch,"[명] 조각, 작은 땅[동] 덧대다, 때우다"
maternal,[형] 모성의
pharmacy,"[명] 약국, 약학"
marine,"[형] 바다의, 해양의"
prestigious,[형] 명성이 있는
friction,"[명] 마찰, 충돌"
defend,[동] 방어하다
fraud,"[명] 사기, 사기꾼"
easygoing,[형] 태평스러운
insomnia,[명] 불면증
intermediate,"[형] 중급의, 중간의[명] 중급자"
transport,[동] 수송하다[명] 수송
paradigm,"[명] 패러다임, 사고체계"
charge,"[명] 요금, 책임[동] (요금을) 청구하다"
rapid,[형] 빠른
premature,[형] 조산한
pollute,[동] 오염시키다
altruism,[명] 이타주의
fiber,[명] 섬유질
irony,"[명] 아이러니, 비꼼, 반어법"
spectator,"[명] 관중, 구경꾼"
medieval,[형] 중세의
analogy,[명] 유사성
snatch,[동] 잡아채다
anthropology,[명] 인류학
outline,[명] 간략히 기술하다
slogan,"[명] 슬로건, 선전 문구"
composure,"[명] 침착, 평정"
incurable,"[형] 불치의, 구제 불능의
[명] 불치 환자"
parallel,"[형] 평행의, 유사한
[명] 평행선
[동] 유사하다"
indulge,[동] 탐닉하다.충족시키다
meadow,"[명] 목초지, 초원"
venture,"[동] 모험하다
[명] 모험"
deflect,"[동] 빗나가다, 빗나가게 하다, 막다"
adorable,"[형] 귀여운, 사랑스러운"
complacent,"[형] (스스로) 만족해하는, 현실에 안주하는"
explicit,"[형] 명백한, 분명한"
sturdy,"[형] 견고한, 튼튼한"
primate,[명] 영장류
patron,"[명] 후원자, 단골 손님"
endure,"[동] 참다, 인내하다, 견디다"
manifest,"[동] 명백하게 하다, 증명하다
[형] 명백한"
imperial,"[형] 제국의, 황제의"
duration,"[명] 지속, 지속 기간"
populate,[동] 거주시키다
frugal,"[형] 검소한, 절약하는"
registration,"[명] 기재, 등록"
rejoice,[동] 크게 기뻐하다
comprise,"[동] 포함하다, 구성하다"
textile,"[형] 직물의, 방직의
[명] 직물"
lurk,"[동] 숨다, 잠복하다"
humanity,"[명] 인류, 인간성, 인간애"
approximate,"[동] (수량 등이) ~에 가까워지다
[형] 대략의"
revenge,"[명] 복수
[동] 복수하다"
sarcastic,"[형] 비꼬는, 풍자적인"
terrain,"[명] 지형, 지역, 분야, 범위"
toll,"[명] 사용세, 통행료, 종소리
[동] 요금으로 징수하다"
warfare,"[명] 전쟁, 전투, 교전 상태"
mortal,"[형] 죽을 운명의, 치명적인
[명] 인간"
spouse,[명] 배우자
crispy,"[형] 바삭바삭한, 부서지기 쉬운"
statistical,"[형] 통계적인, 통계상의"
rubbish,"[명] 쓰레기, 폐기물
[동] 혹평하다"
stimulus,"[명] 자극, 격려"
clumsy,"[형] 서투른, 어색한"
subsequent,"[형] 다음의, 그 이후의"
relevant,"[형] 관련된, 적절한"
predator,"[명] 포식자, 약탈자, 육식 동물"
drain,"[동] 물을 빼내다, 소모시키다
[명] 배수관"
countless,"[형] 셀 수 없는, 무수한"
condense,"[동] 농축하다, 요약하다"
post,"[동] (벽 따위에) 붙이다, 우편"
poise,"[동] 균형을 잡다
[명] 균형, 평정"
disciple,"[명] 제자, 문하생"
gust,"[명] 돌풍, 질풍"
collective,"[형] 집합적인, 집단적인
[명] 집단"
scope,"[명] (관찰, 활동의) 범위, 시야
[동] 조사하다"
compatible,"[형] 양립할 수 있는, 모순이 없는"
border,"[명] 경계, 가장자리, 국경
[동] 인접하다"
frontier,"[명] 국경
[형] 국경의, 최첨단의"
withhold,"[동] 억누르다, 억제하다, 보류하다"
verdict,"[명] 판결, 결정"
stall,"[명] 마구간, 우리
[동] 핑계를 대다"
apparatus,"[명] 장치, 기구, 조직"
hail,"[명] 우박, 싸락눈
[동] 우박이 내리다"
outburst,"[명] 폭발, 분출"
vanity,"[명] 허영심, 허무함"
firsthand,"[형] 직접의
[부] 직접, 바로"
obesity,"[명] 비만, 비대"
dilemma,"[명] 진퇴양난, 딜레마, 궁지"
render,"[동] ~이 되게 하다, 주다, 제공하다"
indispensable,"[형] 필수 불가결한
[명] 없어서는 안 될 것"
outdated,"[형] 구식의, 시대에 뒤진"
bother,"[동] 일부러~ 하다, 괴롭히다"
counteract,"[동] (효력을) 중화시키다, 약화시키다"
static,"[형] 정적인, 고정된"
sustain,"[동] 유지하다, 지탱하다"
posture,"[명] 자세, 태도"
discourse,"[명] 담화, 강연"
bribe,"[명] 뇌물
[동] 뇌물을 주다"
retention,"[명] 보유, 기억력"
valiant,"[형] 용감한, 용맹스런"
distress,"[명] 고민, 고통
[동] ~을 괴롭히다"
nursery,"[명] 육아실, 탁아소"
juggle,"[동] 잘 처리하다, 저글링하다"
perspiration,"[명] 땀, 노력"
encircle,"[동] 에워싸다, 둘러싸다"
notion,"[명] 개념, 의견"
disgust,"[명] 혐오감
[동] 역겹게 하다"
fragment,"[명] 일부분, 부서진 조각
[동] 산산이 부서지다"
oversee,"[동] 감독하다, 감시하다"
creep,"[동] 기다, (덩굴 등이) 얽히다
[명] 포복, 서행"
clarify,[동] 명백히 하다
contagious,"[형] 전염성의, 감염성의"
deterioration,"[명] 악화, (가치의) 하락, 저하"
currency,"[명] 통화, 통용"
janitor,"[명] 문지기, 관리인, (건물) 경비원"
blush,"[동] 얼굴을 붉히다, 부끄러워 하다"
intervene,"[동] 끼어들다, 개입하다, 방해하다"
nomad,"[명] 유목민, 방랑자"
cuisine,"[명] 요리, 요리법"
dare,[동] 감히 ~하다
solvent,"[형] 용해력이 있는, 지불 능력이 있는
[명] 용제, 용액"
cultivate,"[동] 경작하다, 양성하다, 계발하다"
ascent,"[명] 상승, 오름"
advocate,"[명] 옹호자, 지지자
[동] 지지하다"
spur,"[명] 자극, 고무
[동] ~을 자극하다, (말에) 박차를 가하다"
discern,"[동] 식별하다, 분별하다, ~을 인식하다"
scheme,"[명] 계획, 체계
[동] 계획하다"
weigh,[동]  무게를 달다
publicity,"[명] 널리 알려짐, 명성, 광고, 선전"
declare,"[동] 선언하다, (세관에) 신고하다"
brisk,"[형] 활발한, 번창하는, 상쾌한"
exile,"[명] 망명, 망명자
[동] 망명시키다"
whisper,"[동] 속삭이다
[명] 속삭임"
fling,"[동] 내던지다, 돌진하다"
deviation,"[명] 변경, 일탈"
dissolve,"[동] 용해하다, 해산하다, 해소하다"
constraint,"[명] 강제, 압박, 제약"
itch,"[동] 가려움, 가렵다, (~하고 싶어) 못 견디다"
unanimous,"[형] 만장일치의, 합의의"
delude,"[동] 속이다, 착각하게 하다"
dehydrate,"[동] 탈수하다, 건조시키다"
underneath,"[전] ~의 아래에, 밑에"
metabolism,"[명] 물질대사, 신진대사"
appoint,"[동] 임명[지명]하다, (시간, 장소를) 정하다"
pinch,"[동] 꼬집다, 집다, 죄다"
punctual,[형] 시간을 지키는
arbitrary,"[형] 임의적인, 독단적인"
catastrophe,"[명] 대참사, 재앙"
exert,"[동] (힘, 영향력을) 가하다, 발휘하다"
aviate,"[동] 조종하다, 비행하다"
headquarters,"[명] 본사, 본부"
rectangular,"[형] 직사각형의, 직각의"
deledate,"[동] 파견하다
[명] 사절, 대표"
elect,[동] 선출하다
thorn,[명] 가시
empathize,[동] 공감하다
expertise,[명] 전문 지식
renovate,"[동] ~을 새것으로 만들다, 수리하다"
wrench,"[동] 비틀다, 삐다 
[명] 렌치, 쓰라림"
interval,"[명] 간격, 사이"
degrade,"[동] 저하시키다, 비하하다, 분해하다"
report,"[명] 보고서, 말대꾸
[동] 보고하다, 발표하다"
asthma,[명] 천식
realm,"[명] 영역, 왕국"
segment,"[명] 부분, 조각"
coexist,[동] 공존하다
hospitality,"[명] 환대, 후한 대접"
estate,"[명] 재산, 토지"
displace,"[동] 옮겨 놓다, 대체하다"
cripple,"[명] 불구자, 지체 부자유자
[동] ~을 불구로 만들다, 손상시키다"
drawback,"[명] 문제점, 결점, 장애"
tactics,"[명] 방안, 전술"
dread,"[동] 두려워하다, 무서워하다
[명] 두려움, 공포"
dispute,"[동] 논쟁하다, 토의하다
[명] 논쟁, 분쟁"
console,[동] 위로하다
stack,"[명] 더미, 산더미
[동] 쌓아 올리다"
cynical,"[형] 냉소적인, 비관적인"
reprove,"[동] 꾸짖다, 책망하다"
verify,[동] 입증하다
engross,[동] 열중하게 하다
bulk,"[명] 크기, 부피, 대부분
[동] 부피가 커지다, 덩어리가 되다"
despise,[동] 경멸하다
manuscript,"[명] 원고, 필사본"
flee,[동] 달아나다
prehistoric,[형] 선사시대의
barrel,"[명] 통, 배럴"
predecessor,"[명] 이전 형태, 전임자"
alienate,"[동] 소외시키다, 멀리하다"
preclaim,"[동] 선언하다, 선포하다"
subordinate,"[형] 하위의, 부차적인[명] 하급자[동] 하위에 두다"
furnish,"[동] (가구를) 비치하다, 제공하다, 갖추다"
fume,"[동] 씩씩대다, 연기를 내뿜다[명] 연기"
staple,"[형] 주된, 주요한[명] 주성분"
dimension,"[명] 크기, 측면, 치수, 차원"
dispersal,"[명] 분산, 확산"
eloquent,"[형] 웅변의, 달변의, 연설을 잘 하는, 표현이 풍부한"
innermost,[형] 가장 깊숙한[명] 가장 깊은 부분
hazardous,"[형] 위험한, 해로운"
skull,[명] 두개골
detergent,[명] 세제
brutal,"[형] 야만적인, 잔혹한"
rash,"[명] 반점, 발진[형] 경솔한"
bypass,[명] 우회로[동] 우회하다
accommodate,"[동] 수용하다, 적응하다"
tact,"[명] 재치, 기지"
monotonous,"[형] 단조로운, 지루한"
perpetual,"[형] 영원한, 끊임없는"
eligible,"[형] ~을 할 수 있는, 유능한, 자격의, 자격이 있는"
legacy,"[명] 유물, 유산"
melancholy,[형] 우울한[명] 우울함
simplicity,"[명] 단순함, 간단"
hierarchy,"[명] 계층, 계급, 지배층, 체계"
reside,[동] 거주하다
enact,"[동] 제정하다, 상영하다"
burnout,"[명] 극도의 피로, 쇠진"
legitimate,"[형] 타당한, 합법적인, 정당한"
shuffle,"[동] 발을 끌며 걷다, 뒤섞다"
summarize,[동] 요약하다
eject,"[동] 쫓아내다, 튀어나오게 하다"
intersection,"[명] 교차로, 교차함"
quest,"[명] 탐색, 탐구, 추구, 찾음"
linear,"[형] 직선의, 길이의"
landslide,"[명] 산사태, (선거에서) 압도적 승리"
plausible,"[형] 그럴듯한, 이치에 맞는"
endow,"[동] 기부하다, ~에게 부여하다"
extrinsic,"[형] 외적인, 외부의"
merge,"[동] 합병하다, 차차 변하다"
frantic,"[형] 광란의, 미친"
moan,"[명] 신음, 투덜거림
[동] 신음하다, 불평하다"
merchandise,"[명] (집학적) 상품
[동] 거래하다"
respectively,"[부] 각각, 저마다"
yearn,"[동] 그리워하다, 열망하다"
conviction,"[명] 확신, 유죄 판결"
stout,"[형] 뚱뚱한, (옷 등이) 튼튼한"
reckon,"[동] 세다, 계산하다, 생각하다"
enchant,"[동] 매혹하다, ~에게 마법을 걸다"
entail,"[동] 수반하다, 의미하다, 필요로 하다"
demolish,"[동] 파괴하다, 폐지하다"
degenerate,"[동] 퇴보하다, 타락하다"
sentiment,"[명] 감상, 정서"
offspring,"[명] 자식, 새끼, 성과"
detest,"[동] 혐오하다, 미워하다"
tackle,"[동] (일, 문제를) 다루다, 처리하다
[명] 도구, (축구의) 태클"
defy,"[동] 물리치다, (공공연히) 무시하다, 반항하다"
inference,[명] 추론
refraction,"[명] (빛, 소리 따위의) 굴절"
dusk,"[명] 땅거미, 어스름"
detach,"[동] 떼어내다, 분리하다"
antagonist,"[명] 적대자, 라이벌"
thrust,"[동] 밀다, 밀치다, 찌르다"
creed,"[명] 신념, (종교의) 교의"
equate,"[동] 동일시하다, 일치하다"
misplace,[동] 잘못두다
auditory,"[형] 귀의, 청각의, 음향의"
missionary,[명] 선교사
cosmopolitan,"[형] 세계적인, 세계주의의
[명] 세계인, 국제인"
secondhand,"[형] 중고의, 간접적인"
multiple,"[형] 복합적인, 다수의, 다양한
[명] (수학) 배수"
embed,"[동] 깊숙이 박다, 깊이 간직하다, 내재하다"
propel,"[동] 나아가게 하다, 추진하다"
reptile,[명] 파충류
erosion,"[명] 부식, 침식"
feat,"[명] 위업, 공적, 솜씨"
utensil,"[명] 가정용품, 기구, 도구"
penetrate,"[동] 관통하다, 꿰뚫다, 침투하다"
intrude,"[동] 침범하다, 방해하다"
notable,"[형] 주목할 만한, 유명한"
grumble,"[동] 불평하다, 투덜거리다
[명] 불평"
landfill,[명] 쓰레기 매립지
scrutiny,"[명] (정밀) 조사, 철저한 검토"
reckless,"[형] 무모한, 부주의한, 신중하지 못한"
synthetic,"[형] 합성의, 종합적인"
productive,"[형] 생산하는, 생산적인"
outset,"[명] 착수, 발단, 시작, 처음"
peril,[명] 위험
pitfall,"[명] 위험, 함정"
kidnap,"[동] 납치하다
[명] 유괴"
liable,"[형] 책임이 있는, ~하기 쉬운"
insane,"[형] 정신 이상의, 미친, 비상식적인"
rage,"[명] 격노
[동] 격노하다"
radius,[명] 반지름
hybrid,"[명] 잡종, 혼합물"
uncover,"[동] 폭로하다, 덮개를 벗기다"
limb,"[명] 사지, 팔다리, 나뭇가지"
setback,"[명] 좌절, 차질, 방해, 실패"
prudent,[형] 신중한
solidify,"[동] 굳어지다, 굳히다, 확고히 하다"
grudge,"[명] 원한, 유감"
lessen,[동] 줄이다
tangle,"[동] 얽히게 하다, 혼란시키다"
subsidy,"[명] 보조금, 장려금"
ambiguous,"[형] 애매모호한, 불명확한"
enthusiasm,"[명] 열광, 열정, 열광하는 대상"
bankruptcy,[명] 파산
pollination,[명] 수분
prosper,"[동] 번영하다, 번창하다"
phase,[명] 단계
veterinarian,[명] 수의사
counterattack,"[명] 반격, 연습
[동] 반격하다, 역습하다"
cumulative,[형] 누적되는
infrastructure,"[명] (사회) 기반 시설, 하부 조직"
wound,"[동] 상처를 입히다, 부상하게 하다
[명] 부상, 상처"
discrete,[형] 별개의
fluctuation,"[명] 변동, 동요"
